type;KB1;YL2;KB18;YL27;YL31;YL32;YL44;YL45;I46;I48;I49;YL58;universal
upper;955705.6452;535195.1613;38228.22581;305825.8065;152912.9032;76456.45161;76456.45161;76456.45161;3631681.452;114684.6774;16208767.74;5657777.419;9557056.452
lower;142944.0045;80048.64253;5717.760181;45742.08145;22871.04072;11435.52036;11435.52036;11435.52036;543187.2172;17153.28054;2424330.317;846228.5068;1429440.045